{
    "trailingSlash": "auto",
    "globalHeaders": {
      "content-security-policy": "default-src https: 'unsafe-eval' 'unsafe-inline'; object-src 'none'"
    },
    "mimeTypes": {
      ".json": "text/json"
    },
    "routes": [
          {
          "route": "/api/*",
          "methods": ["GET"],
          "allowedRoles": ["authenticated"]
        },
        {
          "route": "/exp/*",
          "methods": ["GET"],
          "allowedRoles": ["authenticated"]
        },
        {
          "route": "/login",
          "rewrite": "/.auth/login/aad"
        },
        {
          "route": "/logout",
          "redirect": "/.auth/logout"
        }
      ],
      "navigationFallback": {
        "rewrite": "index.html",
        "exclude": ["/images/*.{png,jpg,gif}", "/css/*"]
      },
      "responseOverrides": {
        "400": {
          "rewrite": "/invalid-invitation-error.html"
        },
        "401": {
            "statusCode": 302,
            "redirect": "/.auth/login/aad"
        },
        "403": {
          "rewrite": "/custom-forbidden-page.html"
        },
        "404": {
          "rewrite": "/404.html"
        }
      }
  }